pais,2021,2021,2020,2020,2019,2019,2018,2018,2017,2017,2016,2016,2015,2015,2014,2014,2013,2013,2012,2012,2011,2011,2010,2010,2009,2009,2008,2008,2007,2007,2006,2006,2005,2005,2004,2004,2003,2003
Estados Unidos de América,4348038748,3118119737,4088490557,3048223059,3936842979,3010374477,3574034301,2911403201,3255885626,2679535733,2289332105,2574847648,1903910028,2255942801,1869415083,2252955969,1737185967,1905972626,1660935341,1858214838,1602006486,1745062087,1414548251,1300354933,1416904775,1298890268,1433932998,1654491749,1473632670,1623496562,1560750113,1638757558,1302734656,1384993064,1139720916,1249254498,1051267813,1218979095
Australia (Comunidad Australiana),53738497,51236252,61973487,71778228,78385053,86361418,71562039,84967229,25203874,28759056,85172058,96830745,154279227,93043965,145287509,86162595,135398449,84655299,118247187,75862082,100490715,69389131,84820879,59255254,75446227,50668116,62484122,52938482,40414663,42097039,28574574,28965410,22143915,24132530,15428634,16868722,9993085,11306490
Chile(República de ),94726689,72977469,56760898,49785272,79872454,69823434,64804948,56635496,53685554,52278689,60966902,73934571,69041183,65268057,86274293,90152543,45198429,55547754,40465784,41744197,26447470,33562811,17324067,21699705,9123601,11700424,9671549,12593613,5713983,7799417,3627636,5107726,2726262,4117798,2135528,3042060,1081209,1549957
Canadá,10934815,15757509,57596438,64103274,68713785,73440818,54986201,56004883,41099018,42150167,58204604,58683990,68131140,63083163,65339922,63614293,61459110,55917319,59634950,100205488,57493059,55645704,153699764,190887394,69896160,67238408,70043219,89318106,81236361,67882897,57372571,69981577,44057652,48543578,40726033,46889100,32451206,38511528
Reino Unido de la Gran Bretaña e Irlanda d,34416948,39389845,42962840,60450142,95916733,119919420,98544504,129879471,65668357,92232103,65515761,86400074,68933180,56107736,40045611,42969011,42929532,45888507,54641699,128439583,66042274,67869332,56993597,62319267,62480918,61667606,61422337,59849792,49472863,49352566,48319517,48985449,35219048,40528960,23376840,26265269,32774265,15421766
Nueva Zelandia,16681622,17977460,13663394,18672250,15580706,18879240,12927212,16755714,2660393,4071820,11096665,13894012,18816170,12155197,17485538,11716494,15068400,10417019,14280089,9769116,13212897,9604008,11193464,8034210,11211343,7734724,11248359,8702093,7789188,7760998,6940477,6898248,2844456,3067766,2373781,2570723,1374793,1554355
Guatemala (República de),66262356,77600910,45353231,61117605,61785188,75810584,43771647,59761458,8246214,14223489,2863059,5298914,13175937,19358197,16852520,21023478,6698311,9632604,6726162,9635874,6696291,10180327,5449723,8564841,3709176,5972913,3192110,5653371,3204881,5934932,2137695,4332915,1960559,3655111,1776124,3093168,1610496,2983130
Italia,25510073,25433785,15624306,22954221,19784528,25518621,19129883,26445263,18733125,27993394,17075537,23106262,17725703,24126896,13265601,15460180,14536683,17196332,16210472,19378309,14883942,16251136,15193254,16763913,15204435,14614297,11601375,11040464,12696871,12483779,8314869,8343454,5173188,6295854,4774603,5769488,4871001,5871182
China (República Popular de),31605443,16298063,35563673,19582398,94038442,65674455,192876559,164698765,81592658,77673624,38593568,38595234,28485040,24752644,12535082,9006650,12566596,8799391,7386427,5138656,5546936,4022250,7689372,7466675,9103745,9038293,9094886,9654487,6418774,7216086,9424587,10346991,11846790,13963938,11941549,13783043,10995212,13341415
Puerto Rico,16679740,17262101,10689244,12997264,15311954,15896440,15516352,17369698,2857448,3491661,5870346,8666945,11326039,9936189,11422378,9300013,9063924,7523742,9138704,7634219,7491478,6732507,6470803,5968146,8968227,9096913,9269142,10022897,8445685,9479157,7570373,8016800,6357065,7588610,4933582,6062310,3812971,4654821
España (Reino de),20444720,23071247,16243868,21320139,19629113,23251234,21122200,25138698,14993664,20035464,14310802,16116313,12212841,16141519,10799629,12412111,11048935,13445071,14471391,17616274,16733901,18268706,19217864,22058394,24885255,24028148,19675471,19012052,18616664,18086846,16919713,16843415,13578344,16240242,11428174,13841662,11938847,14219019
"Argentina, República",0,0,2892004,2258759,11826742,9586393,29605423,27849084,22797224,25970709,11161185,14960394,11579511,13537095,8581721,8131078,6663806,6547134,9642200,9417119,11238703,11677999,7634323,7871862,5826101,6201608,4235405,4504996,2075559,2483098,1478579,1774301,800820,1057082,417780,549211,168900,222950
Japón,7466968,8140721,5944162,7987391,8721167,10028439,6264018,7586992,1290409,1608497,6338596,6862676,13289554,9574361,7585424,5735195,6360057,4845412,10879200,8231858,6173473,4764277,6993288,6131163,7012400,6517695,7118807,6696910,6723811,6693226,6212327,6229799,6482464,6517968,6378574,6581817,6404925,6516855
Panamá (República de),19558321,22282391,18729985,28756883,11417582,14203229,4242219,5060217,2036483,2862829,5948362,8678101,10055460,12851843,6789385,6604432,5907848,6387786,3594876,4945887,3904134,4744953,2946538,3197477,3030206,3123134,2037691,2125089,1184205,1343716,1038162,1190943,977258,1264119,648960,858443,473922,645246
Irlanda (República de),355302,203323,8195,11450,0,0,1199318,1515735,6853867,9663077,7318400,10103902,4098769,5976842,6266121,7378461,4153789,4872758,2092873,2478297,698019,760665,1620038,1811905,3596828,3459703,0,0,4219354,4215974,3409110,3424695,1489881,1815382,732867,892974,285441,347802
Francia,221648,112137,117295,65473,449811,352867,749085,772342,861842,1068644,736648,983930,531917,703044,5374552,6287389,5598994,6392829,4762048,5638478,4302747,4541362,3684785,4248736,4203281,4018770,4306669,4114458,4090632,4055964,3166209,3149796,2818195,3389715,2696474,3209572,2592873,3144840
Alemania (República Federal de),211237,98461,219086,124446,5976896,6701468,10280441,12426130,7332478,9086685,2103404,2813473,4228099,5934569,5108271,6528892,5143761,6077345,4623583,5573336,4828740,5025236,4658409,5250321,4395340,4161056,4221344,4059483,4702405,4704339,6040477,6043163,5506255,6469631,2995401,3636719,3070476,3712860
Colombia (República de),20042818,18402199,5316556,5520464,38120541,40063858,54452794,63949048,19860663,28278877,16910357,23687388,12352147,16440046,4781956,6203963,4232765,5115565,3348783,4608601,2719883,3509217,2216859,2830022,1748918,2168134,1386892,1691919,1756248,2240990,1277237,1582645,1096183,1557232,1107340,1511629,696789,948934
Suiza,130736,55210,80121,43503,3391557,4275256,3574415,4779585,6529203,9131961,4945855,6946744,4531725,6452153,4436110,5101519,4300193,4801343,1742772,2081678,2235368,2363130,1696793,1909545,1228770,1173720,910081,847075,1257701,1223999,966692,964157,733259,886786,663659,794969,717456,867531
Emiratos Arabes Unidos,4371752,4918468,3854436,5231365,6518577,8016050,3832625,5322822,6623989,8221638,3752566,4931276,3535054,5081972,3893577,4607163,3151673,3677243,2994725,3483511,3047755,3145508,2594592,2992215,2445548,2406431,2481227,2451960,1167495,1206493,890029,915496,362407,441579,539586,657463,468416,570752
Uruguay (República Oriental del),3893214,4370489,4961652,6741908,5587106,6652730,4803984,6496390,4671536,7011517,4028799,5550854,3565795,3988967,3735612,3481734,2307857,2187387,1709116,1670645,1462156,1401212,774825,754096,823655,1076763,554236,728566,470098,599448,197899,269672,167274,236153,307032,422174,360021,504136
Cuba (República de),58476,112464,156392,259689,2027178,3406636,2946097,4515550,2557294,3748300,2978755,4008670,2843957,2876255,3566826,3938641,4022925,4394275,1087628,1188028,471738,515289,354817,394714,264261,290294,426775,492887,221112,253769,55755,68690,92925,117754,29736,39251,47292,62426
Noruega (Reino de),5550781,4593567,3422877,4483996,6654098,5171776,2625490,3459222,4420609,5747651,2568560,3689943,2602279,3681577,3384752,3973378,2700268,3151120,3347343,3556765,2558431,2629406,2454911,2671164,2728053,2542533,2379124,2206234,1619539,1550173,1159279,1050651,612265,688849,482752,539063,393278,459334
Corea del Sur,1542661,1772498,2490096,3422439,2737677,3175449,2466684,3078514,1273633,1770234,2176281,2314066,4042833,4247680,3056105,2953396,3533140,3510913,3113328,3111142,2452423,2456411,3389280,3580165,2993010,3250498,3146978,3572038,2473323,2760850,2249919,2526135,1889055,2323157,2175756,2561356,3522111,4092079
Paraguay (República del),10459871,11026716,6827902,8934216,10535978,12266588,7158954,9085989,7587632,11136208,6000822,8404255,3676056,4697791,2995561,3486672,1706786,2172771,1249648,1571136,887589,1110130,662906,877523,494889,664086,2090014,2774855,147193,176631,98128,117754,59472,78503,37170,49064,33780,44590
Países Bajos (Reino de Los),23049350,24115776,15512282,19524997,12756287,20611357,5848777,9362461,2622297,4313131,1165087,1704904,1885206,2351821,2532164,2867270,3771283,4304377,4813879,4845144,4838240,4586967,3348710,3560190,3684119,3474297,3435820,3340656,3300791,3291767,2996071,3024958,2233199,2644722,1808630,2137848,2094422,2476765
Costa Rica (República de),5514558,5470454,4419124,4418735,2625141,2803802,2726530,3573005,1622240,2114673,1089066,1803528,1930479,2134495,2408555,2689692,2492303,2902123,2864949,3299317,2478654,2843054,1875285,2144763,1955814,2149257,3165316,3595197,2858504,3754132,2075100,2581995,1535321,2077847,1113337,1508649,827604,1131196
Austria (República de),0,0,1253063,1491264,4571417,5372878,3485691,4655335,3210071,4159002,2899020,3822850,2417498,3317859,2401937,2860070,2852617,3325925,2712272,3272702,2888745,3203144,2941305,3436190,2673405,2582118,2406442,2310184,2285582,2276588,1644399,1648563,1667076,2031266,1535280,1870686,1595542,1944116
Honduras (República de),10230701,10851221,3903549,4967349,4235949,5236098,2269317,3575369,1511370,4536775,2038798,4112160,2739729,4557854,2293685,3781715,3937543,4056171,4335539,5556173,4233728,5459173,3081237,4088705,3748681,4743600,4342453,5556089,3454269,4299043,2384579,3191943,1657583,2530830,1375112,2010316,1202182,1737579
Finlandia (República de),617081,703990,915968,1220643,1790327,2261139,1815456,2391546,1287338,1647007,1087549,1522589,1682081,1956774,2243787,2177808,2565519,2572988,2558424,2263066,1784526,1436608,1388689,1163798,1204296,975562,954141,771906,937730,775051,648230,531506,443105,391370,263519,184561,254436,292709
El Salvador (República de ),5565341,5747094,4379150,6030753,5631621,6876594,3981890,5284539,184178,295895,217237,380690,1132096,1405128,2178379,1794077,2548702,2066691,1338099,1649172,1708015,2181935,1624266,2095366,1887263,2318447,1850809,2274811,1868832,2322883,1767021,2185438,1161036,1553032,1884960,2541491,1713111,2273172
Perú (República del),31372354,32229424,14373630,18269766,14613913,16499226,10679623,13345450,3956333,5277131,5277670,6855334,3172596,3713050,2064951,1761255,2110360,1822368,969350,823032,878301,768163,151691,203657,179528,225696,130840,157006,98125,117754,89950,107941,52038,68690,113374,161737,182412,240786
India (República de la),660006,786719,413511,558051,3412131,4002551,3272675,4004851,1593742,2165946,2550006,2938195,2574650,2552992,1993111,1859992,1300957,1209706,2298555,2097909,1687525,1566918,1532656,1268604,571472,565107,634200,665280,506410,564894,359843,404523,117272,141443,137397,167412,70200,85535
República Dominicana,38423691,39031187,12261028,15263251,12994817,14858058,7685475,9572135,1073855,1773959,172406,459347,9270996,2755809,1938413,2240458,1985854,2197666,1573508,1726117,1127965,1238842,1034104,1124640,711480,752814,600760,644656,669159,746444,729994,814302,361241,437474,448749,554178,226658,289366
Hong Kong (Teritorio de ),7642504,4482411,2021781,1805829,3645857,2776881,5075866,3819693,483155,606539,1001751,1298704,963875,1366300,1882562,1507683,1853229,1466553,2270830,1865683,1946543,1761005,833546,901150,1059236,1186749,1078050,1289189,1749174,1944165,1446302,1605066,1757079,2067435,1056007,1087604,722556,722140
Singapur (República de),7312321,7159757,3885958,4974897,7030349,7907849,5732026,6073887,3259637,2902305,4716363,3589350,1054881,1096822,1756471,1654177,2054346,1992589,2396449,2319595,2099202,2046104,631355,676039,565389,582004,619233,651693,1566140,1828515,1759342,2358353,576377,679797,691512,766605,478010,542660
Libano,83026,90175,65368,90175,379897,465907,346981,488093,493307,687044,1435913,2049596,2181945,3192597,1732864,2063458,1819043,2134899,1671182,2027879,403064,443210,256253,298569,316848,306028,95635,91808,0,0,0,0,0,0,40267,49064,161018,196196
Grecia,1673601,2194851,1652164,2330689,1992900,2360380,2043757,2932234,1673257,2554824,2096311,2749105,1780507,2654278,1548353,1765403,2183456,2586783,3471460,3643789,4410373,4580853,0,0,0,0,347212,228096,335808,228096,100656,68428,754972,719844,2473065,2895862,2185043,2517099
Rusia antes U.R.S.S.,26382686,27836138,23896600,30697634,13949739,16954227,8420295,11698676,5081418,6567795,3507594,4951670,2772768,3962754,1200527,1448025,888879,1059206,1136579,1333416,704294,743218,1135525,1237420,2202824,2142209,2479588,2379426,3009842,3011841,2011146,2021453,2311325,2816296,2003118,2440723,1668732,2033294
Belice,911276,952690,1156642,1738121,2304199,3115525,2281584,2234146,1054467,1601411,1109438,1402012,930452,917853,1145249,1140257,1311303,1351706,1161476,1231148,1300497,1428037,1197776,1336891,1075708,1223942,1393271,1647569,1368652,1697422,874985,1043490,1237792,1557803,827889,1005198,810169,1056519
Polonia (República Popular de),7832064,9751779,5558769,7228478,7334668,8571869,4863568,5787371,3972310,5098504,1579795,2424928,830960,1356801,1029895,1241585,395926,465592,1163684,1399012,549427,561330,498635,548856,526681,511449,466673,449064,301603,302369,264276,264947,201336,245322,185231,225697,248846,303212
Turquia (República de),3255689,3958596,3457953,4453915,3846209,4835270,2995133,4140685,2479167,3501984,2373126,3505281,718832,1030451,1017363,1190056,575168,672739,578932,699730,592716,647150,294033,329128,446300,435383,280145,268939,313218,314012,430676,431766,314088,383702,281872,343449,153439,187277
Estonia,1104963,1353897,1037633,1271154,1089656,1319756,1048000,1326787,1202208,1630982,1623064,2197737,1308601,1768698,998545,1219482,1084783,1264783,1050398,1176978,829716,857848,491751,563199,148879,142894,0,0,0,0,0,0,0,0,0,0,0,0
Ucrania,10628698,10926064,10323359,14558439,6813712,8533760,6721607,8990857,3604354,5147213,2800777,3752208,2254580,2617463,988706,1173075,1232070,1444651,1188303,1421195,1130900,1211773,928285,1025510,551040,532224,0,0,0,0,0,0,16107,19625,153016,186445,131742,160524
"Bélgica, (Reino de)",13191309,14990886,11889331,15701174,17975894,20865231,19193645,24612288,14825257,21228639,17699104,24835638,12472490,16070716,984312,1149279,1230021,1450853,1803069,2177396,1131820,1241662,1099029,1248911,1509931,1532148,9294622,9011048,10436326,10419171,9616323,9684967,8085663,9843098,5839918,6945498,5197094,6325362
Israel (Estado de),6600768,8465489,5345322,6928846,5988511,7066166,4730261,6208126,3523753,4601370,2233907,3288063,1008859,1429366,924422,916530,845806,981776,723765,873129,518540,572544,628669,626777,650010,588142,1886206,2931392,812719,902353,909434,929071,378515,461205,555692,677089,490373,597503
Bolivia (República de),3519680,3937381,2246963,3064444,3430174,4025657,1804741,2390149,202925,286272,2228202,2622302,1666470,1676335,881366,774979,399305,353068,279819,375655,463844,617646,285856,403707,449482,648955,207672,251775,186559,223817,170206,204191,138480,182686,102693,135501,107614,141704
Rumania (República de),2646990,3230230,2254045,2874435,2280002,2493224,2024831,2680494,1905307,2505902,1208236,1767482,639215,943930,856653,1038622,684832,807900,768608,913032,662217,728544,22964,18817,34595,28226,0,0,0,0,0,0,0,0,0,0,0,0
Islas íirgenes Norteamericanas,1498343,1742286,998348,1319049,1274726,1496860,402246,495966,14007,23310,48482,96514,443921,662719,789160,1187538,842539,1149161,898797,883817,254295,310042,29286,28473,53677,61497,22323,27519,6739,7361,695494,710636,512874,534238,501260,528070,406130,464264
Antillas Neerlandesas,2077194,2179748,758861,1020082,2264950,2538905,594969,806452,0,0,16918,29990,1507332,743948,770848,913692,866418,1032560,390614,416995,57331,58647,30859,37534,11088,13305,31752,39916,7800,10224,283085,315778,215533,262619,149923,181622,92299,113139
Vietnam (República Socialista de),1238400,1271519,1093771,1128139,2290141,2397135,1065312,1263778,373869,550051,547917,691142,938024,997853,723724,700718,635700,615484,650489,629798,413949,400780,60779,27374,130900,148104,289947,311770,186563,205613,78692,87912,88588,107941,144631,175544,124423,151606
Taiwan (Taipe chino),126371,135229,998484,1336736,1448346,1697192,102342,143136,729144,1059172,1818503,2146631,1682420,1695881,713933,643686,936573,844417,552861,653263,699718,875890,622674,762826,663254,774924,488076,517413,995489,1118393,1377585,1547737,1775150,2177798,1606114,1965744,1393781,1699358
Brasil (República Federativa del),48,17,0,0,15163107,17732707,26476318,35992050,9696394,14802267,5750807,10110623,16030383,25441919,703034,802863,631576,687095,2720824,3494575,3615409,4664802,229152,257644,301140,342095,195802,202188,133653,151860,27124,73447,50329,96489,29700,47041,310572,489443
Nicaragua (República de),1507963,1641744,67860,72999,54149,60833,52550,73002,82585,122787,106511,121213,206839,194993,596071,692177,745067,918148,949597,1133882,815880,1065481,762063,917541,567150,649381,666136,791742,553939,662266,582209,694824,508000,669166,547210,720897,434354,568519
Suecia (Reino de),3161609,3442284,2383527,3786288,2163469,2593644,4537050,6055091,63704,91774,43939,48613,48515,34598,589925,536132,2395010,2535336,3654742,4067600,4595394,4745353,2884771,2955686,3129122,2818294,2572884,2322658,2211141,2077669,2034270,1909377,1080997,1251743,807550,932401,957454,1080562
Qatar (Estado de),543972,600864,264737,359978,724209,885935,521108,744937,566238,725333,484091,672023,529005,772934,576020,680509,450896,529603,448488,543916,495247,543916,421947,494928,0,0,0,0,0,0,0,0,0,0,0,0,0,0
Dinamarca (Reino de),1808664,1933111,970189,1371290,1019460,1067080,829270,1073366,769391,960406,533266,724433,658328,924454,566025,660521,805197,897941,904064,1019316,506414,545348,1041815,1117502,1003901,958545,1429509,1310555,1104384,1026313,603183,570477,821453,2761652,594258,701306,566338,729199
Letonia,2930354,3345752,3062552,4439229,3215629,3418420,1955272,3894321,1414688,1810261,1076690,1425038,1103366,1312148,543334,658834,508364,606896,386382,466010,334702,366675,152653,178513,12915,12474,0,0,0,0,12672,10828,96137,79159,156072,128846,170721,140763
Tailandia (Reino de),51950,59401,197605,255421,462572,537347,400313,489039,203601,276413,734692,888818,623972,554021,521491,453255,436163,398395,591760,596005,457090,458035,403468,383629,335675,333907,447414,485369,429414,479001,331263,369515,235638,287115,254725,299884,93702,106018
Ecuador (República de),5056214,5521948,7014057,8816394,5382425,6405933,4851300,6532249,2695516,3829569,83486,111314,313502,309593,456405,533692,1722657,2127137,2581201,3152280,1743255,2278923,957173,1267393,714609,898365,1561606,1867857,999250,1208628,940601,1137022,531613,704996,371911,492511,434785,571909
Portugal,910651,1015381,285655,361143,1095668,1295150,620256,806051,541397,744716,516995,684573,463987,634893,415165,488281,530408,628957,503069,604009,473328,517129,454029,538383,447300,436590,391197,375550,363026,363076,362157,363076,225498,274760,153018,186445,204932,249704
Malasia (Federación de),113436,120123,262370,330584,500490,582836,445617,563725,82891,111186,356764,517129,465405,490752,396413,441676,291596,331257,301194,342163,343797,390556,300098,327378,1824982,2025308,3014637,3462323,1611703,1501727,1474290,1402552,1741002,2067951,1220478,1459385,610348,711278
Sri Lanka (República Democrática Socialist,0,0,44837,57254,61092,71550,152771,186076,31805,42940,151664,200288,256499,214704,381971,286272,255118,194256,236068,184344,193748,165615,144442,131267,84339,78447,63312,68690,70376,78503,72080,80403,46918,50087,63985,77964,39195,47758
Bermudas,390036,424483,335595,422379,495938,547823,59821,63921,109116,164663,115021,186781,822512,419029,380250,472380,404970,478911,162100,155259,120371,138524,111255,130649,110221,120436,121530,131887,77738,74251,468498,464800,361400,374880,340200,357840,306600,349320
Croacia,1084396,1374547,1201426,1617164,1773071,1922716,1194222,1619760,1070871,1446823,759460,1120107,331951,473268,369384,435320,274504,326707,343908,410511,296176,314286,280090,311850,77490,74844,25437,24948,0,0,0,0,0,0,0,0,0,0
Islas Caimán,714353,790817,441229,604216,755054,857421,187698,252876,124752,193624,165500,367995,905403,335947,354039,443319,325597,384997,97972,101621,108736,115174,58905,64425,99405,108953,37788,40487,78005,80190,412234,414668,335248,343901,312885,329110,264265,304432
Marruecos (Reino de),389148,435798,105900,150292,584637,719258,794931,1135784,854107,1209771,226435,310400,397365,564364,310799,380818,314164,366837,233890,282182,24420,28218,0,0,0,0,0,0,0,0,0,0,0,0,0,0,0,0
Hungria (República de ),737188,930878,628097,809314,878231,976835,682459,912398,547632,772781,403953,552700,232635,323896,286040,335983,373560,430138,407859,488298,482625,521233,439745,480911,464379,451392,383228,367899,412831,412140,381732,382702,289924,353263,233552,284574,270803,329966
Indonesia (República de),2663184,2944426,1312773,1709376,3054364,3525950,2358425,2943165,479946,686959,1002108,1559262,1564526,1587744,278199,257644,0,0,0,0,0,0,0,0,168503,196257,515588,560996,387065,431766,400741,447028,393121,480831,336090,409513,225713,275023
Bahamas (Comunidad de las),322546,367007,249737,332467,590651,676152,61002,85268,181070,248747,77604,119314,1152417,405703,272671,351806,322876,382449,239681,238336,176547,197268,134076,152750,140757,166592,134547,166217,65086,82341,346906,410850,262934,331792,318158,394441,298022,383402
Filipinas (República de),133534,149969,57607,70539,568069,657119,486828,616916,166990,230347,271903,342810,369433,417820,271672,196215,309118,229017,255917,172938,75366,37496,51739,28899,0,0,0,0,0,0,0,0,0,0,0,0,29276,35672
Bosnia,0,0,0,0,0,0,0,0,0,0,0,0,0,0,242377,283272,216500,256417,333796,399349,0,0,0,0,0,0,0,0,0,0,0,0,0,0,0,0,0,0
Maldivas (República de),6643,7156,34999,42906,55832,64377,7305,8588,61251,82814,96914,128208,172960,119620,242065,165628,103677,73612,168475,119620,103679,73612,117388,99811,100509,88315,118130,126894,70376,78503,52782,58877,23947,29177,32214,39251,39163,47718
Guyana (República Cooperativa de),437316,439367,180227,210512,512784,592276,1232519,1563496,333037,486653,445943,572262,296507,300568,231011,209506,239399,214704,273522,241899,0,0,0,0,0,0,0,0,0,0,0,0,0,0,8165,9369,7725,9369
República Checa,950547,1186218,930034,1151307,902385,1024674,430777,581251,508645,715058,307170,444764,276470,391422,227855,269905,170854,202435,0,0,0,0,0,0,0,0,0,0,0,0,0,0,0,0,0,0,0,0
Sudáfrica (República de),28939292,32002996,19049169,25245190,51976138,60889857,14113964,20363780,10751191,15070827,2445601,3457488,1119575,1548785,217831,272289,592467,677968,351005,408958,325027,357840,254373,297561,110208,106444,113825,109272,179119,134552,39152,39251,48321,58877,8053,9813,29276,35672
Trinidad y Tobago (República de),119944,125968,183077,246423,276454,314728,139365,171047,94423,157040,109176,189980,80406,128208,214501,259121,152993,181821,23805,25585,15012,18662,15012,18662,16320,20448,13092,16876,0,0,84825,101787,51408,67858,94248,124407,44280,58450
Chipre(República de),988454,677220,197010,272759,336781,397509,378562,509870,280553,399911,264578,386364,333856,457251,207120,243305,339651,400780,501644,557429,656414,700454,4582509,5157025,4459304,4304266,4610476,4431794,3008422,3008111,2358481,2368776,86012,97289,26918,29034,43579,45570
Martinica,121232,124528,10459,15336,51943,65425,33975,44977,22705,36806,25402,36806,13293,18403,203968,244762,0,0,0,0,0,0,0,0,0,0,0,0,0,0,0,0,0,0,0,0,0,0
Fidji (islas),23632,30024,70646,100893,95791,114321,99852,128796,0,0,136865,157449,575029,355786,195286,114500,436789,286272,345235,214704,0,0,0,0,0,0,0,0,0,0,0,0,0,0,0,0,0,0
Anguila,170217,180351,227876,288802,204315,240468,73754,101626,43878,73612,34750,59980,23004,27604,184021,220838,62422,73612,0,0,0,0,0,0,0,0,0,0,0,0,0,0,0,0,0,0,0,0
Aruba,346786,368010,80158,101294,411798,486261,37440,37096,46511,60046,98670,153609,149591,203691,179831,208110,191669,214433,111725,107201,74094,80760,48994,60518,44121,50606,56545,60626,59483,68637,214498,228975,212531,236737,236888,271887,178432,204090
Eslovenia,0,0,0,0,0,0,0,0,0,0,0,0,0,0,179637,211628,131593,155183,115999,140477,86305,97025,0,0,0,0,0,0,0,0,0,0,0,0,0,0,0,0
Jordania (Reino Hachemita de),248153,270518,329791,464109,340668,418366,166237,244762,149345,214704,135106,200288,122286,171763,175913,214704,158851,186076,151832,179651,156232,162162,54172,62370,0,0,0,0,0,0,0,0,0,0,0,0,0,0
Bulgaria (República de),871943,1052569,767656,944288,1169731,1279968,890105,1175223,576279,834031,302917,445357,375073,553322,166383,202435,159120,188939,158092,188939,161015,175443,292076,341066,101430,99792,51109,49064,0,0,0,0,21672,24520,0,0,0,0
Turcas y Caicos Islas,309493,330644,67821,90175,280451,313498,83985,114906,36293,64411,99866,176193,386899,185254,158095,195678,124891,147836,32130,34437,10655,9812,0,0,0,0,0,0,0,0,281504,314012,201338,245322,249659,304200,241527,294294
Bielorusia,755908,672739,232509,286272,164411,198959,1300329,1774349,864328,1238279,596889,827368,335274,486628,144687,171047,36245,42940,12262,14313,0,0,0,0,0,0,0,0,0,0,0,0,0,0,0,0,0,0
Azerbaijan,146908,165322,99994,150292,94546,119518,320674,458716,163938,226836,74429,99215,83187,128822,144168,171763,60270,71568,81137,98763,49356,49896,97617,106943,0,0,0,0,0,0,0,0,0,0,0,0,0,0
Albania (República Popular Socialista de ),416003,480936,355722,470985,783266,971101,657281,883259,757668,1013402,415559,594193,431625,558230,127670,157389,642797,735047,559249,670380,729693,759814,738924,819103,513904,506286,688031,673617,0,0,0,0,0,0,0,0,0,0
Georgia,338765,375501,211313,297595,279995,345673,495815,695640,277802,384720,334131,485427,225594,329212,120674,143136,134740,157449,104538,128106,49490,49896,46640,49896,0,0,0,0,0,0,0,0,0,0,0,0,0,0
Curazao,42969,46080,42770,59231,20326,20993,62536,80977,52071,82926,55614,94928,101137,142679,117974,135022,156684,177244,69350,74589,14354,15108,0,0,0,0,7800,10224,0,0,0,0,0,0,0,0,0,0
Kazakhstan,1251743,405739,315157,386467,226429,276252,386516,529603,384765,527831,355781,458035,487234,729985,117278,143136,192227,229017,212929,256929,140974,150393,111337,119750,363888,359251,0,0,0,0,0,0,0,0,0,0,0,0
República de Serbia,507434,613601,206254,292653,508026,588433,292521,388597,89728,126999,157459,228301,138481,197416,73056,85830,72466,85881,0,0,0,0,0,0,0,0,0,0,0,0,0,0,0,0,0,0,0,0
Armenia,0,0,0,0,0,0,74484,101618,50587,70826,254451,372153,28209,42940,61616,71499,36410,42940,34231,40385,0,0,0,0,0,0,0,0,0,0,0,0,0,0,0,0,0,0
Islas Vírgenes Británicas,218658,249090,312359,435849,430350,510058,97585,120234,21297,34966,42842,74976,8617,14995,58980,74635,27084,34966,56193,56913,49890,53471,21019,21282,29841,30885,6739,7361,6739,7361,0,0,0,0,0,0,0,0
Kenya (República de),54787,60117,28492,45087,58544,74430,19895,28627,20841,28627,9483,14313,19347,28627,50062,57254,72968,85881,35853,42940,64829,71568,48785,57254,41328,39916,0,0,0,0,0,0,0,0,0,0,0,0
Ghana (República de),13332,15029,10375,15029,5666,7156,47390,65825,0,0,0,0,9337,14313,49998,57254,35483,42940,11928,14313,38673,42940,26318,26611,13776,13305,0,0,0,0,0,0,0,0,0,0,0,0
Islandia (República de),123445,147225,118839,160721,97604,116597,115709,141335,121264,172990,94974,141074,41719,56427,49604,56436,83706,98763,0,0,0,0,0,0,0,0,0,0,0,0,0,0,0,0,0,0,0,0
Lituania,0,0,389202,554925,1101208,1351138,0,0,0,0,0,0,0,0,48856,56436,0,0,22824,28218,0,0,0,0,0,0,0,0,0,0,0,0,0,0,0,0,0,0
Barbados,108209,111884,82127,106150,73320,83325,0,0,15670,27604,24908,46016,119524,46008,38337,46008,46547,55209,26573,28627,0,0,0,0,0,0,0,0,0,0,61579,68690,96643,117754,64428,78503,21931,26722
Gibraltar,41548,45087,10018,15029,48380,59401,29878,42940,30916,42940,35580,56896,17579,28627,36032,42940,36933,42940,35407,42940,0,0,0,0,0,0,0,0,0,0,0,0,0,0,0,0,0,0
Costa de Marfil,109617,120234,28158,45087,36422,45087,21404,29342,29179,39362,21267,28627,44457,57254,36004,42940,24232,28627,0,0,0,0,0,0,0,0,0,0,0,0,0,0,0,0,0,0,0,0
Oman (sultanato de),0,0,0,0,80766,100195,179622,257644,113117,157441,141401,213962,136844,200381,31942,42821,121222,143136,176699,214704,91370,100195,73252,85813,0,0,0,0,0,0,8613,9708,0,0,19602,18816,0,0
Jamaica,0,0,0,0,71999,81783,17790,24537,15226,23310,14825,25866,133713,34966,25048,30058,9712,11655,9712,11655,0,0,0,0,0,0,0,0,0,0,57136,68563,52038,68690,74340,98129,67560,89180
San Cristobal y Nieves,34667,35784,15281,22492,72831,81774,11140,15336,33470,55209,15415,27604,17399,27604,23003,27604,38879,46008,8585,9201,0,0,0,0,0,0,0,0,0,0,8797,9812,16107,19625,0,0,0,0
Antigua y Barbuda,72186,73212,84553,133073,308123,334733,53722,73715,50825,78381,64658,106869,104715,27604,21382,27604,46545,55209,37463,37259,20407,20037,35690,40146,17244,19989,0,0,0,0,17594,19625,0,0,0,0,0,0
Liberia (República de),26659,30058,4769,7156,12189,15029,19230,28627,22242,31420,6602,8403,17900,25660,16073,17107,15833,17107,15765,18403,8640,9201,0,0,0,0,0,0,0,0,0,0,0,0,0,0,0,0
Senegal (República del),20256,22186,15245,21470,18968,22186,5205,7156,6856,9201,6636,9201,19034,27604,15018,18403,23674,27604,15630,18403,24546,27604,7338,9201,0,0,0,0,0,0,0,0,0,0,0,0,0,0
Djibouti (República de),41305,45087,9756,15029,24472,30058,20805,28627,10678,14313,22186,28593,29554,42940,12581,14313,36530,42940,47238,57254,39257,42940,36473,42940,27552,26611,0,0,0,0,0,0,0,0,0,0,0,0
Santa Lucía,0,0,5058,8179,21238,24435,5995,8076,6076,9397,6003,10138,0,0,7668,9201,15335,18403,0,0,0,0,0,0,0,0,0,0,0,0,8797,9812,0,0,0,0,0,0
San Vicente y Las Granadinas,13763,14313,22457,27690,41404,47746,0,0,16698,27604,15079,27323,0,0,7668,9201,7667,9201,0,0,0,0,0,0,0,0,0,0,0,0,0,0,0,0,0,0,0,0
Granada,6986,7156,12165,15336,21919,24529,0,0,11364,18403,0,0,0,0,7667,9201,0,0,0,0,0,0,0,0,0,0,0,0,0,0,0,0,0,0,0,0,0,0
Camerún (República del),0,0,0,0,5666,7156,5152,7156,13307,18403,6973,9201,5998,9201,7312,9201,15968,18403,7355,9201,8640,9201,0,0,0,0,0,0,0,0,0,0,0,0,0,0,0,0
Países no identificados,0,0,0,0,57675,71568,97330,128609,116402,142354,9889,14313,0,0,66,2100,0,0,49500,52400,904,287,22427,15391,1326,464,2984,663,12214,8853,0,0,0,0,0,0,0,0
Afganistán,0,0,0,0,0,0,0,0,0,0,0,0,0,0,0,0,0,0,57384,70545,0,0,0,0,0,0,0,0,0,0,0,0,0,0,0,0,0,0
Angola (República Popular de),0,0,0,0,0,0,0,0,0,0,0,0,0,0,0,0,0,0,0,0,0,0,77785,85870,0,0,0,0,0,0,0,0,0,0,0,0,0,0
Burkiha Faso,13182,14313,0,0,0,0,9859,14313,0,0,0,0,0,0,0,0,0,0,0,0,0,0,0,0,0,0,0,0,0,0,0,0,0,0,0,0,0,0
Bahrein (Estado de),539649,601171,245534,367851,507899,631229,785510,1123617,355796,470917,444018,628367,126888,186076,0,0,337550,390170,273060,288035,274525,290376,338456,366312,288032,269335,256729,240474,55241,47044,22096,18817,21818,18580,98867,104927,32723,36002
Botswana (República de),454336,495966,0,0,0,0,0,0,0,0,0,0,0,0,0,0,0,0,0,0,0,0,0,0,0,0,0,0,0,0,0,0,0,0,0,0,0,0
"Congo, República Democrática del",0,0,0,0,0,0,0,0,0,0,0,0,0,0,0,0,7888,9201,0,0,0,0,0,0,0,0,0,0,0,0,0,0,0,0,0,0,0,0
"Congo, República de",0,0,0,0,0,0,0,0,0,0,0,0,0,0,0,0,0,0,8050,9201,24785,27604,22841,27604,0,0,0,0,0,0,0,0,0,0,0,0,0,0
Cook ( Islas),68354,75044,0,0,0,0,0,0,0,0,0,0,0,0,0,0,0,0,0,0,0,0,0,0,0,0,0,0,0,0,0,0,0,0,0,0,0,0
Dominica (Comunidad de ),0,0,0,0,0,0,0,0,6855,10121,0,0,0,0,0,0,0,0,0,0,0,0,0,0,0,0,0,0,0,0,0,0,0,0,0,0,0,0
Argelia (República Democrática Popular),0,0,0,0,0,0,0,0,0,0,0,0,0,0,0,0,0,0,0,0,0,0,0,0,57876,62424,0,0,0,0,0,0,0,0,0,0,0,0
Comunidad Europea,0,0,0,0,0,0,0,0,17475,9066,0,0,0,0,0,0,0,0,0,0,0,0,0,0,0,0,0,0,0,0,0,0,0,0,0,0,0,0
Gabón,0,0,0,0,0,0,5205,7156,0,0,0,0,0,0,0,0,0,0,0,0,0,0,0,0,0,0,0,0,0,0,0,0,0,0,0,0,0,0
Guadalupe (y depen. francesas en el Caribe,101882,105204,116126,159085,110248,138739,55077,71772,17818,27604,19773,27604,0,0,0,0,0,0,0,0,0,0,13781,9408,39162,26737,13758,9393,0,0,0,0,0,0,0,0,0,0
Guinea-Ecuatorial (República de),0,0,12456,15029,11683,14313,9381,14313,35416,47030,0,0,0,0,0,0,0,0,7409,9201,0,0,0,0,0,0,0,0,0,0,0,0,0,0,0,0,0,0
Guyana Francesa,49338,51528,0,0,0,0,0,0,0,0,0,0,0,0,0,0,0,0,31919,28627,0,0,0,0,0,0,0,0,0,0,0,0,0,0,0,0,0,0
Haiti (República de),6889,7156,4,14,9060,9504,8412,9504,31772,39913,10603,13683,18960,20243,0,0,0,0,0,0,0,0,0,0,0,0,0,0,0,0,0,0,0,0,17850,22619,0,0
Irak (República de ),3273779,3561803,1165474,1803479,2845199,3499675,2778970,3995973,2191059,3013626,1131119,1523784,0,0,0,0,0,0,13759,11975,0,0,116978,92600,0,0,0,0,0,0,0,0,0,0,0,0,0,0
Kyrgyzstan,0,0,0,0,0,0,0,0,0,0,0,0,0,0,0,0,35760,42940,35132,42531,25915,27619,0,0,0,0,0,0,0,0,0,0,0,0,0,0,0,0
Camboya,201143,228429,170428,223328,521514,607987,456550,570328,183423,254116,324349,465450,189782,269300,0,0,0,0,0,0,0,0,0,0,0,0,0,0,0,0,0,0,0,0,16106,19626,0,0
República Democrática Popular Laos,40345,42940,11170,14305,37581,43630,24067,28627,9541,14313,27643,28627,0,0,0,0,0,0,0,0,0,0,0,0,0,0,0,0,0,0,0,0,0,0,0,0,0,0
Luxemburgo (gran Ducado),0,0,0,0,697955,670338,0,0,0,0,0,0,0,0,0,0,0,0,0,0,0,0,0,0,0,0,0,0,0,0,0,0,0,0,0,0,0,0
Moldavia,594455,653202,162575,240459,190337,238270,0,0,126864,185361,0,0,0,0,0,0,0,0,0,0,0,0,0,0,0,0,0,0,0,0,0,0,0,0,0,0,0,0
Macedonia,574847,372745,33011,27484,340823,230685,457053,266912,62820,81587,0,0,0,0,0,0,0,0,0,0,0,0,0,0,0,0,0,0,0,0,0,0,0,0,0,0,0,0
Mali (República de),6522,7156,0,0,0,0,0,0,0,0,0,0,0,0,0,0,0,0,0,0,0,0,0,0,0,0,0,0,0,0,0,0,0,0,0,0,0,0
Malta (República de),1024018,323836,245417,309173,507888,588902,409844,541011,328017,460693,295323,437365,42879,70545,0,0,0,0,0,0,0,0,0,0,0,0,0,0,0,0,0,0,0,0,0,0,0,0
"Myanmar, Unión de",0,0,0,0,0,0,0,0,6,6,0,0,0,0,0,0,0,0,0,0,0,0,0,0,0,0,0,0,0,0,0,0,0,0,0,0,0,0
Montenegro,0,0,9938,15029,0,0,33476,42940,161083,229017,39737,57254,0,0,0,0,0,0,0,0,0,0,0,0,0,0,0,0,0,0,0,0,0,0,0,0,0,0
Mongolia (República Popular de),0,0,0,0,0,0,0,0,0,0,0,0,0,0,0,0,0,0,0,0,0,0,0,0,14256,9408,0,0,0,0,0,0,0,0,0,0,0,0
Mozambique (República Popular de),1769111,1809617,198763,275723,1738644,1556436,0,0,0,0,0,0,0,0,0,0,0,0,0,0,0,0,0,0,0,0,0,0,0,0,0,0,0,0,0,0,0,0
Mauricio (Estado de),33035,35784,39986,50813,65125,79440,10105,14313,29616,42940,0,0,0,0,0,0,0,0,0,0,39200,42940,0,0,0,0,0,0,0,0,0,0,0,0,0,0,0,0
Nueva Caledonia,0,0,0,0,0,0,0,0,0,0,0,0,0,0,0,0,0,0,0,0,13790,11790,0,0,0,0,0,0,0,0,0,0,0,0,0,0,0,0
Nigeria (República Federal de),0,0,0,0,0,0,0,0,0,0,0,0,0,0,0,0,15643,18403,46792,55209,75477,83836,24222,27619,41328,39916,0,0,0,0,0,0,0,0,0,0,0,0
Nepal (República de),0,0,0,0,0,0,39745,56538,10241,14313,54422,70826,0,0,0,0,0,0,0,0,0,0,0,0,0,0,0,0,0,0,0,0,0,0,0,0,0,0
Polinesia Francesa,50738,57654,32333,41083,61402,71286,67164,87108,72925,108246,0,0,0,0,0,0,0,0,0,0,21120,14995,0,0,0,0,0,0,0,0,0,0,0,0,0,0,0,0
Isla Reunión,51653,58890,89979,113793,61704,73612,11054,14722,0,0,0,0,0,0,0,0,8121,9201,7983,9201,16872,18403,7333,9206,0,0,0,0,0,0,0,0,0,0,0,0,0,0
Sudán (República Democrática de),13334,14722,0,0,0,0,0,0,0,0,0,0,0,0,0,0,0,0,0,0,0,0,0,0,0,0,0,0,0,0,0,0,0,0,0,0,0,0
Islas Salomón,7994,8179,12570,16358,0,0,0,0,0,0,0,0,0,0,0,0,0,0,0,0,0,0,0,0,0,0,0,0,0,0,0,0,0,0,0,0,0,0
Sierra Leona (República de),0,0,0,0,0,0,0,0,0,0,0,0,0,0,0,0,0,0,0,0,8640,9201,16633,18403,0,0,0,0,0,0,0,0,0,0,0,0,0,0
Suriname (República de),223730,221120,231356,266471,170165,186034,42056,53369,6113,9201,14440,27604,46007,55209,0,0,0,0,0,0,0,0,0,0,0,0,0,0,0,0,24532,29438,44604,58877,52038,68690,135120,178360
Swazilandia (Reino de),0,0,0,0,0,0,0,0,9819,14313,0,0,0,0,0,0,0,0,0,0,0,0,0,0,0,0,0,0,0,0,0,0,0,0,0,0,0,0
Seychelles,0,0,0,0,17762,22186,5114,7156,9835,14313,0,0,0,0,0,0,0,0,0,0,0,0,0,0,0,0,0,0,0,0,0,0,0,0,0,0,0,0
"Siria, República Arabe de",0,0,0,0,0,0,0,0,0,0,0,0,0,0,0,0,289627,343526,259759,314592,24421,28218,0,0,0,0,0,0,0,0,0,0,0,0,0,0,0,0
Tonga,108351,114423,24805,31873,0,0,0,0,0,0,0,0,0,0,0,0,0,0,0,0,0,0,0,0,0,0,0,0,0,0,0,0,0,0,0,0,0,0
Tanzania (República Unida de),111328,120259,335009,526382,0,0,0,0,0,0,0,0,0,0,0,0,0,0,0,0,0,0,0,0,0,0,0,0,0,0,0,0,0,0,0,0,0,0
Uganda (República de),0,0,75244,105204,0,0,0,0,0,0,0,0,0,0,0,0,0,0,0,0,0,0,0,0,0,0,0,0,0,0,0,0,0,0,0,0,0,0
Uzbejistan,4825573,3125834,1921022,2413826,2126318,2570424,2461165,3292320,1207199,1566097,1312205,1734348,0,0,0,0,0,0,0,0,0,0,0,0,0,0,0,0,0,0,0,0,0,0,0,0,0,0
Venezuela (República de),332509,137796,421173,188143,0,0,0,0,0,0,0,0,0,0,0,0,0,0,0,0,0,0,0,0,0,0,0,0,0,0,147194,176631,67038,88001,49934,52057,59500,59143
Vanuatu,16191,16324,18870,24537,0,0,0,0,0,0,0,0,0,0,0,0,0,0,0,0,0,0,0,0,0,0,0,0,0,0,0,0,0,0,0,0,0,0
Samoa Occidental,14323,13495,0,0,0,0,0,0,0,0,0,0,0,0,0,0,0,0,0,0,0,0,0,0,0,0,0,0,0,0,0,0,0,0,0,0,0,0
Yugoslavia (República Socialista Federativ,0,0,0,0,0,0,0,0,0,0,0,0,0,0,0,0,0,0,0,0,0,0,0,0,0,0,0,0,0,0,0,0,28936,24124,15926,13372,31684,26599
Zambia (República de),123481,135263,78523,120234,0,0,0,0,0,0,0,0,0,0,0,0,0,0,0,0,0,0,0,0,0,0,0,0,0,0,0,0,0,0,0,0,0,0
